Sector,Import_CAGR,Export_CAGR,Import_2024,Export_2024,Balance_2024
Agriculture & Food,20.916249197997306,10.641952945394163,107818,236523,128705
Other Industries,0.5425272037301143,2.806938251920399,707232,114138,-593094
Energy & Fuels,97.76640865622016,0.0,259438,114,-259324
Chemicals & Pharma,4.123444419419076,0.30889770177462417,188557,278611,90054
Plastics & Rubber,13.831025774482697,8.613296075576994,385913,8987,-376926
Textiles & Apparel,6.367504867189577,23.322716093513552,749402,14001,-735401
Metals & Minerals,-1.61790760998195,-24.58477931244586,627622,4912,-622710
High-Tech & Machinery,1.5940100650353006,33.081986283394116,923809,514762,-409047
